<?xml version="1.0" encoding="UTF-8"?>
<TrackingData>
    <Sensors>
        <Sensor Type="SLAMSensorSource">
            <SensorID>SLAM</SensorID>
            <Parameters>
                <Initialization Type="Markerless2D">
                    <BaseLineAngleThreshold>8.0</BaseLineAngleThreshold>
                </Initialization>
                <SimilarityThreshold>0.5</SimilarityThreshold>
                <ReferenceImage HeightMM="476" WidthMM="476">6c3c99d9e054bb6b56481c8f250ab8bc.jpg</ReferenceImage>
            </Parameters>
            <SensorCOS>
                <SensorCosID>6c3c99d9e054bb6b56481c8f250ab8bc</SensorCosID>
                <Parameters>
                    <NumExtensibleFeatures>100000</NumExtensibleFeatures>
                    <MinTriangulationAngle>4</MinTriangulationAngle>
                </Parameters>
            </SensorCOS>
        </Sensor>
    </Sensors>
    <Connections>
        <COS>
            <Name>marker1_1</Name>
            <Fuser Type="SmoothingFuser">
                <Parameters>
                    <AlphaRotation>0.8</AlphaRotation>
                    <AlphaTranslation>1.0</AlphaTranslation>
                    <GammaRotation>0.8</GammaRotation>
                    <GammaTranslation>1.0</GammaTranslation>
                    <KeepPoseForNumberOfFrames>0</KeepPoseForNumberOfFrames>
                </Parameters>
            </Fuser>
            <SensorSource>
                <SensorID>SLAM</SensorID>
                <SensorCosID>6c3c99d9e054bb6b56481c8f250ab8bc</SensorCosID>
                <HandEyeCalibration>
                    <TranslationOffset>
                        <x>0.0</x>
                        <y>0.0</y>
                        <z>0.0</z>
                    </TranslationOffset>
                    <RotationOffset>
                        <x>0.0</x>
                        <y>0.0</y>
                        <z>0.0</z>
                        <w>1.0</w>
                    </RotationOffset>
                </HandEyeCalibration>
                <COSOffset>
                    <TranslationOffset>
                        <x>1.0</x>
                        <y>136.0</y>
                        <z>0.0</z>
                    </TranslationOffset>
                    <RotationOffset>
                        <x>0.0</x>
                        <y>0.0</y>
                        <z>0.0</z>
                        <w>1.0</w>
                    </RotationOffset>
                </COSOffset>
            </SensorSource>
        </COS>
    </Connections>
</TrackingData>
