<?xml version="1.0" encoding="UTF-8"?>
<TrackingData>
    <Sensors>
        <Sensor Type="SLAMSensorSource">
            <SensorID>SLAM</SensorID>
            <Parameters>
                <Initialization Type="Markerless2D">
                    <BaseLineAngleThreshold>8.0</BaseLineAngleThreshold>
                </Initialization>
                <SimilarityThreshold>0.5</SimilarityThreshold>
                <ReferenceImage WidthMM="88" HeightMM="88">53ef8b9aa8c9b38f0268133a9acf277d.jpg</ReferenceImage>
            </Parameters>
            <SensorCOS>
                <SensorCosID>53ef8b9aa8c9b38f0268133a9acf277d</SensorCosID>
                <Parameters>
                    <NumExtensibleFeatures>100000</NumExtensibleFeatures>
                    <MinTriangulationAngle>4</MinTriangulationAngle>
                </Parameters>
            </SensorCOS>
        </Sensor>
    </Sensors>
    <Connections>
        <COS>
            <Name>00733_01003_006054-[蓋]_1</Name>
            <Fuser Type="SmoothingFuser">
                <Parameters>
                    <AlphaRotation>0.8</AlphaRotation>
                    <AlphaTranslation>1.0</AlphaTranslation>
                    <GammaRotation>0.8</GammaRotation>
                    <GammaTranslation>1.0</GammaTranslation>
                    <KeepPoseForNumberOfFrames>0</KeepPoseForNumberOfFrames>
                </Parameters>
            </Fuser>
            <SensorSource>
                <SensorID>SLAM</SensorID>
                <SensorCosID>53ef8b9aa8c9b38f0268133a9acf277d</SensorCosID>
                <HandEyeCalibration>
                    <TranslationOffset>
                        <x>0.0</x>
                        <y>0.0</y>
                        <z>0.0</z>
                    </TranslationOffset>
                    <RotationOffset>
                        <x>0.0</x>
                        <y>0.0</y>
                        <z>0.0</z>
                        <w>1.0</w>
                    </RotationOffset>
                </HandEyeCalibration>
                <COSOffset>
                    <TranslationOffset>
                        <x>1.0</x>
                        <y>1.0</y>
                        <z>0.0</z>
                    </TranslationOffset>
                    <RotationOffset>
                        <x>0.0</x>
                        <y>0.0</y>
                        <z>0.0</z>
                        <w>1.0</w>
                    </RotationOffset>
                </COSOffset>
            </SensorSource>
        </COS>
    </Connections>
</TrackingData>
